motif,observed,background,percent.observed,percent.background,fold.enrichment,pvalue,motif.name
MA0504.1,33,7440,45.20547945205479,14.879999999999999,3.0380026513477683,6.015863905438529e-10,NR2C2
MA0640.2,33,8350,45.20547945205479,16.7,2.70691493724879,1.1939962156931423e-8,ELF3
MA0732.1,24,4675,32.87671232876712,9.35,3.5162259175152,2.3227478513936993e-8,EGR3
MA1514.1,33,8741,45.20547945205479,17.482,2.5858299652245047,3.780309782882442e-8,KLF17
MA0162.4,30,7489,41.0958904109589,14.978,2.743750194348972,6.113654696624558e-8,EGR1
MA1981.1,44,15198,60.273972602739725,30.396,1.9829573826404698,1.2301582395880896e-7,ZNF530
MA0039.4,44,15357,60.273972602739725,30.714000000000002,1.96242666545353,1.7133950221758632e-7,KLF4
MA0598.3,29,7410,39.726027397260275,14.82,2.680568650287468,1.918396180245031e-7,EHF
MA0761.2,30,7985,41.0958904109589,15.97,2.5733181221639887,2.599199575714661e-7,ETV1
MA1513.1,27,6735,36.986301369863014,13.469999999999999,2.7458278671019314,3.893441154542008e-7,KLF15
MA0474.3,31,8671,42.465753424657535,17.342,2.4487229514852693,4.4925021393423325e-7,Erg
MA0685.2,40,13549,54.794520547945204,27.098,2.022087259131493,5.364387048675984e-7,SP4
MA0753.2,32,9375,43.83561643835616,18.75,2.3378995433789953,7.558978469143178e-7,ZNF740
MA0740.2,37,12192,50.68493150684932,24.384,2.078614317045986,1.0958217778234457e-6,KLF14
MA1976.1,38,12820,52.054794520547944,25.64,2.030218195029171,1.2634568642712819e-6,ZNF320
MA1100.2,27,7198,36.986301369863014,14.396,2.569206819245833,1.4719750011159036e-6,ASCL1
MA1512.1,29,8164,39.726027397260275,16.328,2.4330002080634663,1.519372042295122e-6,KLF11
MA0516.3,34,10739,46.57534246575342,21.478,2.1685139429068543,1.615798251199376e-6,SP2
MA0741.1,34,10753,46.57534246575342,21.506,2.1656906196295647,1.6668947157667381e-6,KLF16
MA1723.1,49,19803,67.12328767123287,39.606,1.6947757327483934,1.817603972581896e-6,PRDM9
MA0473.3,29,8387,39.726027397260275,16.774,2.3683097291796993,2.6601000547281745e-6,ELF1
MA0659.3,23,5662,31.506849315068493,11.324,2.7823074280350135,3.230083794500901e-6,Mafg
MA1710.1,39,14001,53.42465753424658,28.002,1.9078872057083986,4.18513654094608e-6,ZNF257
MA0599.1,40,14678,54.794520547945204,29.355999999999998,1.8665526825161878,4.917315094041521e-6,KLF5
MA0742.2,30,9150,41.0958904109589,18.3,2.245677071637098,4.942993970166953e-6,KLF12
MA1630.2,43,16599,58.9041095890411,33.198,1.7743270555166304,5.810482515891456e-6,ZNF281
MA1521.1,16,3018,21.91780821917808,6.036,3.631180950824732,5.837141174916245e-6,MAFA
MA0062.3,28,8219,38.35616438356164,16.438,2.333383889984283,5.8697919851282714e-6,GABPA
MA1107.2,37,13079,50.68493150684932,26.157999999999998,1.9376455197969769,6.5540302604696945e-6,KLF9
MA1731.1,33,10857,45.20547945205479,21.714,2.0818586834325683,6.592369233024264e-6,ZNF768
MA1615.1,31,9806,42.465753424657535,19.612,2.165294382248498,6.7493987677062285e-6,Plagl1
MA1653.1,41,15471,56.16438356164384,30.941999999999997,1.8151503962783222,6.949007642215075e-6,ZNF148
MA1564.1,28,8316,38.35616438356164,16.631999999999998,2.3061666897283337,7.389681117109091e-6,SP9
MA1959.1,31,9980,42.465753424657535,19.96,2.1275427567463696,9.806420872756026e-6,KLF7
MA1522.1,36,12766,49.31506849315068,25.532,1.931500410980365,1.0688502280334261e-5,MAZ
MA0747.1,29,9060,39.726027397260275,18.12,2.1923856179503463,1.2704905241002893e-5,SP8
MA0528.2,36,12973,49.31506849315068,25.946,1.9006809717548248,1.5694265895066814e-5,ZNF263
MA1992.1,30,9683,41.0958904109589,19.366,2.1220639476897087,1.587980065754481e-5,Ikzf3
MA1945.1,26,7658,35.61643835616438,15.315999999999999,2.325439955351553,1.6027158165614724e-5,ETV5::FIGLA
MA1961.1,39,14773,53.42465753424658,29.546,1.8081857961905698,1.688956038191158e-5,PATZ1
MA1966.1,23,6381,31.506849315068493,12.762,2.4688018582564246,2.357782648897226e-5,TFAP4::ETV1
MA0816.1,27,8336,36.986301369863014,16.672,2.21846817237662,2.4209931551147877e-5,Ascl2
MA1596.1,43,17491,58.9041095890411,34.982,1.6838405348190812,2.5551814901292526e-5,ZNF460
MA0079.5,33,11718,45.20547945205479,23.436,1.9288905722842973,3.53603475103564e-5,SP1
MA0499.2,25,7509,34.24657534246575,15.018,2.2803685805344087,3.5360661058576504e-5,MYOD1
MA1511.2,32,11241,43.83561643835616,22.482,1.949809467056141,4.08796090793079e-5,KLF10
MA1581.1,27,8609,36.986301369863014,17.218,2.1481183279046934,4.354389467234762e-5,ZBTB6
MA1599.1,25,7643,34.24657534246575,15.286,2.2403882861746536,4.776677080561217e-5,ZNF682
MA1520.1,14,2828,19.17808219178082,5.656,3.3907500339075,5.219062716788872e-5,MAF
MA0913.2,15,3216,20.54794520547945,6.432,3.1946432222449395,5.33613037458397e-5,HOXD9
MA1585.1,12,2118,16.43835616438356,4.236,3.8806317668516432,5.3967227861347385e-5,ZKSCAN1
MA0136.3,27,8749,36.986301369863014,17.498,2.1137445062214546,5.8180132133065715e-5,Elf5
MA1965.1,40,16272,54.794520547945204,32.544000000000004,1.6837057690494468,7.187200465511858e-5,SP5
MA0163.1,28,9399,38.35616438356164,18.798000000000002,2.0404385776977145,7.498390213535795e-5,PLAG1
MA1972.1,32,11620,43.83561643835616,23.24,1.8862141324593875,8.089205694707929e-5,ZFP14
MA0493.2,36,14062,49.31506849315068,28.124,1.753487003738824,1.0083805191976631e-4,KLF1
MA1117.1,15,3413,20.54794520547945,6.8260000000000005,3.010246880380816,1.0423153462184927e-4,RELB
MA0595.1,17,4278,23.28767123287671,8.556,2.721794206741084,1.1466307505933036e-4,SREBF1
MA0591.1,19,5231,26.027397260273972,10.462,2.4878032173842453,1.3693176717552953e-4,Bach1::Mafk
MA1721.1,24,7652,32.87671232876712,15.304,2.148243095188651,1.418811207571551e-4,ZNF93
MA0080.6,33,12524,45.20547945205479,25.048,1.804754050305605,1.4268304874000373e-4,Spi1
MA1652.1,31,11409,42.465753424657535,22.817999999999998,1.8610637840589683,1.4791030847311235e-4,ZKSCAN5
MA1993.1,23,7233,31.506849315068493,14.466000000000001,2.1779931781465844,1.6841474123540658e-4,Neurod2
MA0697.2,33,12652,45.20547945205479,25.304,1.7864953940900565,1.7552273672208303e-4,Zic3
MA0860.1,19,5344,26.027397260273972,10.688,2.4351980969567713,1.8128352249204333e-4,Rarg
MA0073.1,32,12190,43.83561643835616,24.38,1.798015440457595,2.106219100453671e-4,RREB1
MA1123.2,20,5891,27.397260273972602,11.782,2.3253488604627908,2.1837571327916038e-4,TWIST1
MA0814.2,26,8939,35.61643835616438,17.878,1.9921936657436168,2.3227842778426246e-4,TFAP2C
MA1987.1,34,13557,46.57534246575342,27.114,1.717759919810925,2.8870413236307854e-4,ZNF701
MA0908.1,8,1166,10.95890410958904,2.332,4.699358537559623,3.0047907013503063e-4,HOXD11
MA0471.2,27,9683,36.986301369863014,19.366,1.9098575529207382,3.366948852974471e-4,E2F6
MA1628.1,32,12527,43.83561643835616,25.054,1.7496454234196601,3.5747143340329675e-4,Zic1::Zic2
MA0651.2,7,905,9.58904109589041,1.81,5.297812760160448,3.5933698299720894e-4,HOXC11
MA0633.2,22,7106,30.136986301369863,14.212,2.1205309809576316,3.6185123667471526e-4,Twist2
MA1684.1,19,5671,26.027397260273972,11.342,2.2947802204438346,3.891738352600703e-4,Foxn1
MA0496.3,23,7665,31.506849315068493,15.329999999999998,2.0552413121375404,3.9960054558624665e-4,MAFK
MA0149.1,37,15640,50.68493150684932,31.28,1.620362260449147,4.272474990665598e-4,EWSR1-FLI1
MA1997.1,21,6698,28.767123287671232,13.395999999999999,2.14744127259415,4.356190555285405e-4,Olig2
MA1515.1,27,9869,36.986301369863014,19.738,1.8738626694631175,4.6171530996995375e-4,KLF2
MA1531.1,17,4813,23.28767123287671,9.626,2.4192469595758066,4.655778631376672e-4,NR1D1
MA0500.2,20,6240,27.397260273972602,12.479999999999999,2.1952932911837024,4.686750328565905e-4,MYOG
MA0707.2,10,1921,13.698630136986301,3.842,3.56549456975177,4.6878014489407424e-4,MNX1
MA1713.1,19,5760,26.027397260273972,11.52,2.259322678843227,4.735992605145112e-4,ZNF610
MA1656.1,21,6798,28.767123287671232,13.596,2.1158519629060923,5.323153871395265e-4,ZNF449
MA0736.1,14,3551,19.17808219178082,7.102,2.700377667105156,5.553913756098845e-4,GLIS2
MA0899.1,15,4004,20.54794520547945,8.008,2.56592722346147,5.847237454639995e-4,HOXA10
MA1712.1,26,9484,35.61643835616438,18.968,1.8777118492284046,6.036083494326269e-4,ZNF454
MA0746.2,24,8415,32.87671232876712,16.830000000000002,1.9534588430639999,6.07836688016053e-4,SP3
MA0029.1,14,3594,19.17808219178082,7.188,2.668069308817588,6.257751898912771e-4,Mecom
MA0694.1,10,2001,13.698630136986301,4.002,3.4229460612159675,6.430399570264354e-4,ZBTB7B
MA0501.1,16,4531,21.91780821917808,9.062000000000001,2.4186502117830586,7.10187819494327e-4,MAF::NFE2
MA1948.1,10,2033,13.698630136986301,4.066,3.369067913671004,7.263687750365597e-4,ETV5::HOXA2
MA1529.1,19,5972,26.027397260273972,11.944,2.1791189936599102,7.420744899880132e-4,NHLH2
MA0146.2,28,10738,38.35616438356164,21.476,1.786001321640978,7.641677042707933e-4,Zfx
MA1627.1,32,13050,43.83561643835616,26.1,1.6795255340366344,7.724006048861937e-4,Wt1
MA0906.1,7,1031,9.58904109589041,2.062,4.650359406348405,7.761594170893395e-4,HOXC12
MA0502.2,14,3694,19.17808219178082,7.388,2.595842202460858,8.195022837261818e-4,NFYB
MA1633.2,14,3699,19.17808219178082,7.398000000000001,2.5923333592566666,8.30397540130964e-4,BACH1
MA0842.2,13,3273,17.80821917808219,6.546,2.720473446086494,8.399087095221832e-4,NRL
MA1473.1,12,2862,16.43835616438356,5.724,2.871830217397547,8.534587604867962e-4,CDX4
MA0003.4,24,8638,32.87671232876712,17.276,1.9030280347746655,8.924434808212858e-4,TFAP2A
MA0739.1,15,4181,20.54794520547945,8.362,2.4573003115856795,9.14073424127771e-4,Hic1
MA1999.1,22,7624,30.136986301369863,15.248000000000001,1.9764550302577295,0.00096073806161400105,Prdm5
MA1623.1,29,11492,39.726027397260275,22.983999999999998,1.7284209622894309,0.001010322696530453,Stat2
MA1969.1,24,8729,32.87671232876712,17.458000000000002,1.8831889293600135,0.0010387382261964635,THRA
MA0813.1,17,5279,23.28767123287671,10.558,2.205689641302966,0.0013209291547109695,TFAP2B
MA0745.2,19,6265,26.027397260273972,12.53,2.0772064852573005,0.001325760031425171,SNAI2
MA0102.4,12,3022,16.43835616438356,6.0440000000000005,2.7197809669727926,0.0013634532310808107,CEBPA
MA0517.1,24,8941,32.87671232876712,17.882,1.8385366473977809,0.0014637411065960369,STAT1::STAT2
MA1708.1,14,3929,19.17808219178082,7.858,2.4405805792543678,0.0014839696302862662,ETV7
MA1116.1,23,8409,31.506849315068493,16.817999999999998,1.8734004825228028,0.0014845020501969392,RBPJ
MA0810.1,19,6331,26.027397260273972,12.662,2.055551829116567,0.001501731770994465,TFAP2A
MA1730.1,21,7367,28.767123287671232,14.734,1.9524313348494118,0.0015278864658112687,ZNF708
MA0089.2,15,4404,20.54794520547945,8.808,2.3328729797319996,0.0015439322075226597,MAFG::NFE2L1
MA0857.1,18,5867,24.65753424657534,11.734,2.1013749997081423,0.0016095459990572724,Rarb
MA0911.1,7,1171,9.58904109589041,2.342,4.094381338979679,0.0016147098087309158,Hoxa11
MA0150.2,16,4903,21.91780821917808,9.806,2.2351425881274816,0.001642256016613665,Nfe2l2
MA1629.1,29,11886,39.726027397260275,23.772,1.6711268465951656,0.0017641240385808006,Zic2
MA0476.1,14,4003,19.17808219178082,8.006,2.395463676215441,0.0017698104057183388,FOS
MA0071.1,14,4008,19.17808219178082,8.016,2.3924753233259506,0.0017906834605674298,RORA
MA0687.1,17,5455,23.28767123287671,10.91,2.1345253192370954,0.001887863306921171,SPIC
MA1559.1,20,6996,27.397260273972602,13.991999999999999,1.9580660573165096,0.001979026250689284,SNAI3
MA0670.1,13,3611,17.80821917808219,7.222,2.4658292963281903,0.002042321321914748,NFIA
MA0815.1,15,4572,20.54794520547945,9.144,2.2471506130226873,0.0022324926044291937,TFAP2C
MA0099.3,13,3652,17.80821917808219,7.303999999999999,2.4381461087188105,0.002255941300463738,FOS::JUN
MA1954.1,18,6050,24.65753424657534,12.1,2.0378127476508547,0.0022726542935960483,FOXO1::ELK1
MA0645.1,12,3227,16.43835616438356,6.454,2.54700281443811,0.0023656081539940067,ETV6
MA0490.2,12,3227,16.43835616438356,6.454,2.54700281443811,0.0023656081539940067,JUNB
MA0074.1,10,2390,13.698630136986301,4.78,2.8658222043904393,0.002426922203854854,RXRA::VDR
MA0878.3,11,2818,15.068493150684931,5.636,2.6736148244650337,0.002511000049559457,CDX1
MA1982.1,17,5603,23.28767123287671,11.206000000000001,2.0781430691483767,0.0025133688787848402,ZNF574
MA1973.1,17,5605,23.28767123287671,11.21,2.0774015372771375,0.0025228933045868484,ZKSCAN3
MA1936.1,17,5620,23.28767123287671,11.24,2.0718568712523764,0.0025953027116056254,ERF::FOXO1
MA0527.1,7,1275,9.58904109589041,2.55,3.7604082728982005,0.0026028338838195797,ZBTB33
MA1631.1,25,9884,34.24657534246575,19.768,1.732424895915912,0.002629091931887716,ASCL1
MA0477.2,13,3732,17.80821917808219,7.4639999999999995,2.3858814547269818,0.0027262658769692653,FOSL1
MA1726.1,24,9423,32.87671232876712,18.846,1.7444928541211462,0.0030292583991504236,ZNF331
MA1593.1,19,6749,26.027397260273972,13.498,1.9282410179488794,0.00315194187913263,ZNF317
MA0154.4,22,8349,30.136986301369863,16.698,1.8048261050047827,0.00315877510451937,EBF1
MA0130.1,29,12333,39.726027397260275,24.666,1.610558152811979,0.0031818784789440645,ZNF354C
MA0733.1,14,4272,19.17808219178082,8.544,2.244625724693448,0.003226968211943013,EGR4
MA1650.1,13,3806,17.80821917808219,7.611999999999999,2.339492797961402,0.0032307206126372004,ZBTB14
MA1485.1,16,5258,21.91780821917808,10.516,2.084234330465774,0.00334616801224354,FERD3L
MA0144.2,20,7321,27.397260273972602,14.642,1.871141939214083,0.003399814726975483,STAT3
MA0159.1,15,4777,20.54794520547945,9.554,2.1507164753484878,0.0034051722896083856,RARA::RXRA
MA0665.1,16,5268,21.91780821917808,10.536,2.0802779251307975,0.003410075038305733,MSC
MA0873.1,6,999,8.21917808219178,1.9980000000000002,4.113702743839729,0.0034254316570796156,HOXD12
MA1725.1,20,7353,27.397260273972602,14.706,1.86299879463978,0.0035776764995634636,ZNF189
MA1719.1,20,7356,27.397260273972602,14.712,1.8622390072031405,0.003594747600067168,ZNF816
MA1102.2,24,9545,32.87671232876712,19.09,1.7221955122455275,0.0036019761023506867,CTCFL
MA0155.1,20,7371,27.397260273972602,14.741999999999999,1.858449347033822,0.003681140990662069,INSM1
MA0859.1,17,5819,23.28767123287671,11.638,2.001002855548781,0.0037343548390960067,Rarg
MA0494.1,16,5328,21.91780821917808,10.656,2.0568513719198647,0.0038152768213722127,Nr1h3::Rxra
MA0148.4,13,3889,17.80821917808219,7.7780000000000005,2.289562763960168,0.003885353674073208,FOXA1
MA1494.1,11,2990,15.068493150684931,5.9799999999999995,2.519814908141293,0.003948972644972897,HNF4A
MA0081.2,26,10761,35.61643835616438,21.522,1.6548851573350238,0.004006794410857453,SPIB
MA0524.2,16,5377,21.91780821917808,10.754,2.038107515266699,0.004175207291882472,TFAP2C
MA0489.2,14,4432,19.17808219178082,8.863999999999999,2.163592305029425,0.004488786310651463,Jun
MA0597.2,27,11457,36.986301369863014,22.914,1.6141355228184957,0.004647487487087039,THAP1
MA0695.1,9,2212,12.32876712328767,4.424,2.7867918452277736,0.004835641068018899,ZBTB7C
MA1589.1,14,4480,19.17808219178082,8.959999999999999,2.1404109589041096,0.004937783467472421,ZNF140
MA1516.1,17,5980,23.28767123287671,11.959999999999999,1.9471297017455447,0.004937819829863259,KLF3
MA1565.1,17,6025,23.28767123287671,12.049999999999999,1.9325868243051214,0.005326554582848887,TBX18
MA0065.2,22,8733,30.136986301369863,17.466,1.7254658365607387,0.005515251343987298,Pparg::Rxra
MA0491.2,11,3136,15.068493150684931,6.272,2.4025020967291026,0.005634013538028558,JUND
MA0729.1,15,5060,20.54794520547945,10.12,2.0304293681303807,0.005825599935920128,RARA
MA1567.2,15,5063,20.54794520547945,10.126,2.0292262695515952,0.005857295275749415,Tbx6
MA0037.4,12,3616,16.43835616438356,7.231999999999999,2.2730027882167536,0.005910064134451725,Gata3
MA1155.1,17,6099,23.28767123287671,12.198,1.9091384844135686,0.006020708829864305,ZSCAN4
MA1548.1,15,5100,20.54794520547945,10.2,2.0145044319097503,0.006259924533044693,PLAGL2
MA1970.1,12,3648,16.43835616438356,7.295999999999999,2.2530641672674836,0.00632994242647503,TRPS1
MA1728.1,25,10545,34.24657534246575,21.09,1.6238300304630513,0.006373038976778714,ZNF549
MA1101.2,10,2761,13.698630136986301,5.522,2.4807370766001995,0.006690933870130712,BACH2
MA1600.1,16,5651,21.91780821917808,11.302,1.9392858095184995,0.006745360859719716,ZNF684
MA1980.1,18,6736,24.65753424657534,13.472000000000001,1.8302801548823737,0.00717394456766184,ZNF418
MA1988.1,15,5178,20.54794520547945,10.356,1.9841584787060111,0.007182804850823992,Atf3
MA1132.1,10,2797,13.698630136986301,5.593999999999999,2.4488076755427786,0.00730557745620566,JUN::JUNB
MA1967.1,18,6757,24.65753424657534,13.514000000000001,1.8245918489400133,0.007406660727505583,TFAP4::FLI1
MA1503.1,6,1178,8.21917808219178,2.3560000000000003,3.4886154848012643,0.007531063512189191,HOXB9
MA1578.1,13,4213,17.80821917808219,8.426,2.1134843553384988,0.007555733169076474,VEZF1
MA0048.2,18,6785,24.65753424657534,13.569999999999999,1.817062214191256,0.0077265697850412325,NHLH1
MA0506.2,12,3751,16.43835616438356,7.502000000000001,2.191196502850381,0.00784567510586413,Nrf1
MA1651.1,14,4728,19.17808219178082,9.456000000000001,2.0281389796722524,0.007879007566376882,ZFP42
MA1151.1,12,3758,16.43835616438356,7.516,2.1871149766343216,0.007958294140881313,RORC
MA1517.1,17,6274,23.28767123287671,12.548,1.855887092196104,0.007962584049276371,KLF6
MA0623.2,7,1586,9.58904109589041,3.1719999999999997,3.0230268272037866,0.008419817422194461,NEUROG1
MA0646.1,7,1588,9.58904109589041,3.1759999999999997,3.019219488630482,0.00847510707120984,GCM1
MA0101.1,12,3791,16.43835616438356,7.582,2.168076518647265,0.008506585187407758,REL
MA0778.1,12,3794,16.43835616438356,7.588,2.1663621724279865,0.008557873738882813,NFKB2
MA0846.1,17,6335,23.28767123287671,12.67,1.8380166718924003,0.008749113872552049,FOXC2
MA0852.2,12,3817,16.43835616438356,7.634,2.153308378881787,0.008959252947006086,FOXK1
MA0820.1,15,5310,20.54794520547945,10.620000000000001,1.9348347651110591,0.008994003722898476,FIGLA
MA1638.1,18,6908,24.65753424657534,13.816,1.7847086165732007,0.009269127368092305,HAND2
MA0495.3,14,4820,19.17808219178082,9.64,1.9894276132552717,0.00927539600257998,MAFF
MA0066.1,11,3367,15.068493150684931,6.734,2.237673470550183,0.009420198128058005,PPARG
MA0905.1,7,1622,9.58904109589041,3.2439999999999998,2.955931287265848,0.009456717689435384,HOXC10
MA0684.2,12,3848,16.43835616438356,7.696,2.135961040070629,0.009523573094858533,RUNX3
MA1128.1,12,3850,16.43835616438356,7.7,2.134851449919943,0.009560918938663452,FOSL1::JUN
MA0863.1,9,2465,12.32876712328767,4.93,2.5007641223707244,0.009571716195993044,MTF1
MA0811.1,15,5358,20.54794520547945,10.716000000000001,1.9175014189510498,0.00973723373425955,TFAP2B
MA1483.2,9,2473,12.32876712328767,4.946,2.4926743071750246,0.009764397139467262,ELF2
MA1418.1,16,5888,21.91780821917808,11.776,1.8612269207861822,0.009899631224114904,IRF3
MA0771.1,10,2929,13.698630136986301,5.858,2.338448299246552,0.009944029506412643,HSF4
MA1724.1,12,3882,16.43835616438356,7.764,2.1172534987614062,0.01017426809051296,Rfx6
MA0872.1,14,4879,19.17808219178082,9.758,1.965370177472927,0.010270355804302819,TFAP2A
MA1470.1,6,1260,8.21917808219178,2.52,3.2615786040443573,0.01028459036941187,BACH2
MA0508.3,22,9234,30.136986301369863,18.468,1.6318489441937332,0.010668838730192663,PRDM1
MA1971.1,5,918,6.8493150684931505,1.836,3.7305637627958337,0.011104281495495921,ZBED2
MA1114.1,18,7035,24.65753424657534,14.069999999999999,1.7524899962029385,0.011116436237254555,PBX3
MA0812.1,15,5446,20.54794520547945,10.892,1.8865171874292557,0.011227267456745831,TFAP2B
MA0486.2,10,2988,13.698630136986301,5.976,2.292274119308283,0.01133715864852541,HSF1
MA0657.1,10,2997,13.698630136986301,5.994,2.2853904132442944,0.011562169282063224,KLF13
MA0832.1,13,4446,17.80821917808219,8.892,2.0027237042377632,0.011607740945834263,Tcf21
MA1654.1,19,7616,26.027397260273972,15.232000000000001,1.7087314377805916,0.011630127622450836,ZNF16
MA0641.1,9,2559,12.32876712328767,5.118,2.408903306621272,0.012027099440324164,ELF4
MA1142.1,11,3488,15.068493150684931,6.976,2.1600477566922205,0.01207139358205715,FOSL1::JUND
MA0851.1,15,5494,20.54794520547945,10.988000000000001,1.8700350569238668,0.012113469299903744,Foxj3
MA0137.3,14,4982,19.17808219178082,9.964,1.924737273362186,0.012209213762359191,STAT1
MA1569.1,14,4993,19.17808219178082,9.986,1.9204969148588844,0.012432265375246382,TFAP2E
MA0830.2,21,8789,28.767123287671232,17.578,1.636541317992447,0.012451521235290945,TCF4
MA1141.1,12,3995,16.43835616438356,7.99,2.0573662283333616,0.012590442109554843,FOS::JUND
MA0463.2,10,3055,13.698630136986301,6.11,2.2420016590812275,0.01309518538035887,BCL6
MA1977.1,16,6074,21.91780821917808,12.148,1.8042318257472902,0.013129203130712625,ZNF324
MA0854.1,9,2597,12.32876712328767,5.194,2.3736555878489933,0.013144103486208723,Alx1
MA0883.1,13,4520,17.80821917808219,9.04,1.9699357497878531,0.013200927595443803,Dmbx1
MA1634.1,13,4524,17.80821917808219,9.048,1.968193985199181,0.013291673041447297,BATF
MA0131.2,7,1735,9.58904109589041,3.47,2.7634124195649594,0.0133239265572333,HINFP
MA0632.2,8,2161,10.95890410958904,4.322,2.5356094654301344,0.013384020120658173,TCFL5
MA1109.1,21,8858,28.767123287671232,17.716,1.6237933668814197,0.013560581666117526,NEUROD1
MA0593.1,14,5050,19.17808219178082,10.100000000000001,1.8988200189881999,0.013640028749462898,FOXP2
MA0671.1,11,3560,15.068493150684931,7.12,2.116361397568108,0.013901847260421075,NFIX
MA0462.2,13,4555,17.80821917808219,9.11,1.9547990316226336,0.014011564142085958,BATF::JUN
MA1108.2,13,4572,17.80821917808219,9.144,1.9475305312863287,0.014419026280259874,MXI1
MA0782.2,16,6160,21.91780821917808,12.32,1.7790428749332858,0.014881513857498517,PKNOX1
MA1649.1,13,4594,17.80821917808219,9.188,1.9382040899088147,0.01495993325615118,ZBTB12
MA0772.1,13,4600,17.80821917808219,9.2,1.9356759976176294,0.015110150555281235,IRF7
MA0735.1,7,1782,9.58904109589041,3.5639999999999996,2.690527804683056,0.015228888445990059,GLIS1
MA2002.1,17,6720,23.28767123287671,13.44,1.7327136333985649,0.015289974214449527,Zfp335
MA1546.1,5,997,6.8493150684931505,1.994,3.4349624215111088,0.015380553512360453,PAX3
MA0698.1,16,6184,21.91780821917808,12.368,1.77213843945489,0.015402143810231833,ZBTB18
MA0151.1,35,17512,47.94520547945205,35.024,1.3689243227344692,0.015460626281857417,Arid3a
MA1532.2,12,4116,16.43835616438356,8.232000000000001,1.9968848596189939,0.0156485317269601,NR1D2
MA1149.1,13,4627,17.80821917808219,9.254,1.924380719481542,0.015800651946211025,RARA::RXRG
MA1637.1,18,7295,24.65753424657534,14.59,1.6900297633019425,0.015827093514465783,EBF3
MA1122.1,10,3158,13.698630136986301,6.315999999999999,2.168877475773639,0.016192232185673387,TFDP1
MA1587.1,26,11966,35.61643835616438,23.932000000000002,1.4882349304765325,0.01652236463302996,ZNF135
MA0472.2,9,2699,12.32876712328767,5.398,2.283950930583118,0.016526823630762157,EGR2
MA0259.1,5,1023,6.8493150684931505,2.046,3.347661323799194,0.016999843646495514,ARNT::HIF1A
MA1493.1,8,2261,10.95890410958904,4.522,2.4234639782372933,0.017136566633515843,HES6
MA1635.1,18,7357,24.65753424657534,14.713999999999999,1.6757872941807357,0.017156899718399714,BHLHE22
MA0751.1,15,5727,20.54794520547945,11.454,1.7939536585890912,0.017233445606326843,ZIC4
MA0696.1,16,6280,21.91780821917808,12.559999999999999,1.7450484250937965,0.017629962435517704,ZIC1
MA1990.1,15,5743,20.54794520547945,11.486,1.7889557030715175,0.017638886853667265,Gli1
MA1934.1,14,5215,19.17808219178082,10.43,1.8387423002666174,0.017660224073970495,ERF::FIGLA
MA1715.1,17,6832,23.28767123287671,13.664000000000001,1.7043084918674407,0.017787145639745552,ZNF707
MA0660.1,14,5225,19.17808219178082,10.45,1.8352231762469686,0.017930494090164156,MEF2B
MA1978.1,20,8532,27.397260273972602,17.064,1.6055590877855486,0.018219541296813815,ZNF354A
MA0485.2,5,1042,6.8493150684931505,2.084,3.28661951463203,0.01825258610965373,HOXC9
MA0105.4,11,3728,15.068493150684931,7.456,2.0209888882356397,0.018994959848289625,NFKB1
MA0796.1,11,3731,15.068493150684931,7.462000000000001,2.019363863667238,0.019097123987130142,TGIF1
MA1942.1,14,5274,19.17808219178082,10.548,1.818172373130529,0.019301339571693894,ETV2::FOXI1
MA1616.1,15,5833,20.54794520547945,11.666,1.7613530949322347,0.020059709451373788,Prdm15
MA1642.1,20,8614,27.397260273972602,17.227999999999998,1.5902751494063505,0.02007256243082912,NEUROG2
MA0107.1,12,4267,16.43835616438356,8.534,1.9262193771248604,0.020229288550482682,RELA
MA1467.2,20,8628,27.397260273972602,17.256,1.5876947307587275,0.02040334684251049,Atoh1
MA1644.1,10,3286,13.698630136986301,6.572,2.084392899724026,0.020771218141263308,NFYC
MA1491.2,12,4320,16.43835616438356,8.64,1.9025875190258748,0.022056452884766882,GLI3
MA0730.1,12,4358,16.43835616438356,8.716,1.8859977242294128,0.023440921975982156,RARA
MA1941.1,15,5946,20.54794520547945,11.892,1.727879684281824,0.023453919437883285,ETV2::FIGLA
MA0606.2,17,7063,23.28767123287671,14.126,1.6485679762761372,0.023944959132566782,Nfat5
MA1604.1,17,7075,23.28767123287671,14.149999999999999,1.6457718185778596,0.02430487880935736,Ebf2
MA0117.2,11,3881,15.068493150684931,7.762,1.9413157885448251,0.024751231435500703,Mafb
MA1624.1,13,4933,17.80821917808219,9.866,1.8050090389298794,0.025441574552033244,Stat5a
MA1943.1,6,1556,8.21917808219178,3.1119999999999997,2.6411240624009578,0.026165148877747235,ETV2::HOXB13
MA1946.1,12,4444,16.43835616438356,8.888,1.849500018495,0.02681318775361285,ETV5::FOXI1
MA0478.1,11,3930,15.068493150684931,7.86,1.9171110878734008,0.026841714892898053,FOSL2
MA0907.1,7,2003,9.58904109589041,4.006,2.3936697693186244,0.026852517351534766,HOXC13
MA0258.2,14,5520,19.17808219178082,11.04,1.7371451260671034,0.027438102351943643,ESR2
MA0668.2,20,8898,27.397260273972602,17.796,1.5395178845792652,0.027668108080339236,Neurod2
MA1154.1,11,3950,15.068493150684931,7.9,1.9074041962892316,0.02773116509216301,ZNF282
MA1597.1,16,6632,21.91780821917808,13.264000000000001,1.6524282433035342,0.02802113793086427,ZNF528
MA0835.2,12,4479,16.43835616438356,8.958,1.8350475736083456,0.02828385839965245,BATF3
MA1714.1,15,6092,20.54794520547945,12.184000000000001,1.686469567094505,0.028470111776012302,ZNF675
MA0841.1,9,2971,12.32876712328767,5.942,2.074851417584596,0.028655222104625525,NFE2
MA1683.1,11,3973,15.068493150684931,7.946000000000001,1.8963620879291379,0.028780478461553266,FOXA3
MA1928.1,12,4492,16.43835616438356,8.984,1.8297368838361041,0.028844988586677348,BNC2
MA0734.3,15,6103,20.54794520547945,12.206,1.6834298873897633,0.028878459693358095,Gli2
MA0596.1,12,4495,16.43835616438356,8.99,1.8285157023785938,0.028975636601841184,SREBF2
MA0672.1,9,2982,12.32876712328767,5.9639999999999995,2.0671977067886775,0.0292508986611147,NKX2-3
MA0714.1,14,5568,19.17808219178082,11.136,1.7221697370492837,0.029288508476521678,PITX3
MA0667.1,10,3491,13.698630136986301,6.981999999999999,1.9619922854463339,0.03000151529876725,MYF6
MA1935.1,13,5057,17.80821917808219,10.113999999999999,1.760749374933972,0.03040591824709891,ERF::FOXI1
MA0115.1,10,3508,13.698630136986301,7.016,1.9524843410755846,0.03088075997109574,NR1H2::RXRA
MA0519.1,14,5610,19.17808219178082,11.219999999999999,1.7092764876810003,0.030982830349605823,Stat5a::Stat5b
MA1558.1,18,7851,24.65753424657534,15.702,1.5703435388215095,0.031172198533053593,SNAI1
MA1561.1,5,1203,6.8493150684931505,2.406,2.846764367619763,0.03136622170070963,SOX12
MA0880.1,8,2539,10.95890410958904,5.078,2.1581142397772823,0.031506938783355226,Dlx3
MA1506.1,5,1209,6.8493150684931505,2.418,2.8326365047531636,0.03194520078238669,HOXD10
MA0737.1,9,3030,12.32876712328767,6.0600000000000005,2.0344500203445,0.03195327592712633,GLIS3
MA0465.2,11,4049,15.068493150684931,8.097999999999999,1.8607672450833457,0.03245385360788791,CDX2
MA1540.2,16,6752,21.91780821917808,13.504,1.6230604427708888,0.03246264778427115,NR5A1
MA0909.3,10,3538,13.698630136986301,7.0760000000000005,1.9359285100319814,0.03247716391851894,Hoxd13
MA0836.2,8,2555,10.95890410958904,5.11,2.1445996300565637,0.032529116183033634,CEBPD
MA1555.1,7,2088,9.58904109589041,4.176,2.2962263160657113,0.03261567525541814,RXRB
MA0047.3,11,4064,15.068493150684931,8.128,1.8538992557437168,0.03321708103972978,FOXA2
MA1584.1,14,5665,19.17808219178082,11.33,1.6926815703248739,0.03331060989076643,ZIC5
MA1104.2,10,3570,13.698630136986301,7.140000000000001,1.9185756494378572,0.034243978769362075,GATA6
MA0731.1,10,3578,13.698630136986301,7.156,1.9142859330612496,0.034696136004718665,BCL6B
MA0653.1,10,3586,13.698630136986301,7.172000000000001,1.9100153565234663,0.035152510619335456,IRF9
MA1106.1,5,1242,6.8493150684931505,2.484,2.7573732159795292,0.03524994747083386,HIF1A
MA0770.1,9,3085,12.32876712328767,6.17,1.998179436513399,0.035260572996584846,HSF2
MA0728.1,15,6279,20.54794520547945,12.558,1.6362434468449953,0.03602859410708835,Nr2F6
MA1655.1,14,5737,19.17808219178082,11.474,1.6714382248370943,0.0365503550923001,ZNF341
MA0774.1,10,3626,13.698630136986301,7.252,1.888945137477427,0.037498260404430606,MEIS2
MA0677.1,11,4152,15.068493150684931,8.304,1.8146065932905746,0.037956850635963824,Nr2f6
MA0879.2,7,2164,9.58904109589041,4.328,2.2155825082926084,0.03843058145456515,DLX1
MA1953.1,14,5786,19.17808219178082,11.572000000000001,1.6572832865348097,0.038883672677574053,FOXO1::ELF1
MA0461.2,6,1718,8.21917808219178,3.436,2.3920774395203086,0.0395404103259424,Atoh1
MA1110.2,16,6924,21.91780821917808,13.847999999999999,1.582741783591716,0.03972494869196831,Nr1H4
MA1144.1,9,3164,12.32876712328767,6.328,1.9482881041857887,0.04041819409165601,FOSL2::JUND
MA0869.2,17,7513,23.28767123287671,15.026,1.5498250521014716,0.04052804553662271,Sox11
MA1508.1,21,9870,28.767123287671232,19.74,1.4573010784027982,0.04099379010813461,IKZF1
MA0518.1,15,6390,20.54794520547945,12.78,1.6078204386134156,0.041165718052313886,Stat4
MA0088.2,11,4211,15.068493150684931,8.422,1.7891822786374887,0.041392432528342134,ZNF143
MA0681.2,14,5841,19.17808219178082,11.681999999999999,1.6416779825184749,0.041630120044565296,PHOX2B
MA1571.1,8,2685,10.95890410958904,5.37,2.0407642662176984,0.041692927933697006,TGIF2LX
MA0095.3,13,5297,17.80821917808219,10.594000000000001,1.6809721708591834,0.041995011602580526,Yy1
MA0783.1,12,4766,16.43835616438356,9.532,1.7245442891715863,0.04266435483399971,PKNOX2
MA0152.2,14,5875,19.17808219178082,11.75,1.6321772078111336,0.04339671921999352,Nfatc2
MA1938.1,14,5882,19.17808219178082,11.764,1.6302348003893932,0.043767045129795935,ERF::NHLH1
MA0512.2,10,3735,13.698630136986301,7.470000000000001,1.8338192954466266,0.04444472452467103,Rxra
MA0858.1,10,3750,13.698630136986301,7.5,1.82648401826484,0.04546572853302449,Rarb
MA0520.1,12,4820,16.43835616438356,9.64,1.7052236685045186,0.04586296165778393,Stat6
MA0867.2,14,5937,19.17808219178082,11.874,1.615132406247332,0.04675637067114489,SOX4
MA0625.2,11,4297,15.068493150684931,8.594,1.7533736503007833,0.046784373915429125,NFATC3
MA1542.1,7,2261,9.58904109589041,4.522,2.1205309809576316,0.0468001772711843,OSR1
MA1560.1,5,1345,6.8493150684931505,2.69,2.546213780108978,0.046898342148737386,SOHLH2
MA1957.1,6,1805,8.21917808219178,3.61,2.276780632186089,0.048255958383188864,HOXB2::ELK1
MA1986.1,16,7109,21.91780821917808,14.218,1.5415535391178845,0.04880515476082025,ZNF692
MA0442.2,15,6544,20.54794520547945,13.088,1.5699835884382223,0.04915252683470146,SOX10
MA1975.1,9,3289,12.32876712328767,6.578,1.8742424936588127,0.04960051608187715,ZNF214
MA0750.2,11,4351,15.068493150684931,8.702,1.7316126351051404,0.050409364808261845,ZBTB7A
MA0068.2,6,1835,8.21917808219178,3.6700000000000004,2.239558060542719,0.05151843505149283,PAX4
MA0705.1,6,1835,8.21917808219178,3.6700000000000004,2.239558060542719,0.05151843505149283,Lhx8
MA1577.1,6,1835,8.21917808219178,3.6700000000000004,2.239558060542719,0.05151843505149283,TLX2
MA0701.2,6,1835,8.21917808219178,3.6700000000000004,2.239558060542719,0.05151843505149283,LHX9
MA0075.3,6,1835,8.21917808219178,3.6700000000000004,2.239558060542719,0.05151843505149283,PRRX2
MA0644.2,6,1835,8.21917808219178,3.6700000000000004,2.239558060542719,0.05151843505149283,ESX1
MA0619.1,10,3845,13.698630136986301,7.6899999999999995,1.781356324705631,0.05230856099153287,LIN54
MA1573.2,11,4416,15.068493150684931,8.831999999999999,1.706124677387334,0.05502392535722466,Thap11
MA1103.2,10,3887,13.698630136986301,7.774,1.7621083273715334,0.05554485630676011,FOXK2
MA1472.2,13,5527,17.80821917808219,11.054,1.6110203707329644,0.055796322551069436,Bhlha15
MA0521.2,13,5547,17.80821917808219,11.094,1.6052117521256708,0.057129368337688426,Tcf12
MA1641.1,13,5548,17.80821917808219,11.096,1.6049224205193033,0.057196594603939034,MYF5
MA1579.1,15,6695,20.54794520547945,13.389999999999999,1.5345739511187044,0.05800785668238486,ZBTB26
MA0624.2,14,6129,19.17808219178082,12.258,1.5645359921504993,0.05833495921365404,Nfatc1
MA1619.1,13,5575,17.80821917808219,11.15,1.5971497020701515,0.05903246540338676,Ptf1A
MA0497.1,18,8475,24.65753424657534,16.950000000000003,1.454721784458722,0.059668528397932664,MEF2C
MA0768.2,11,4482,15.068493150684931,8.964,1.6810010208260744,0.059995885531538534,Lef1
MA0853.1,7,2399,9.58904109589041,4.798,1.9985496239871634,0.060611103881899164,Alx4
MA1606.1,11,4495,15.068493150684931,8.99,1.6761393938470446,0.061009712106868653,Foxf1
MA0006.1,15,6776,20.54794520547945,13.552,1.516229722954505,0.0631943798606688,Ahr::Arnt
MA0040.1,9,3450,12.32876712328767,6.9,1.7867778439547348,0.06335864652404163,Foxq1
MA0662.1,8,2939,10.95890410958904,5.878,1.8643933497089213,0.06427260932577042,MIXL1
MA1955.1,11,4539,15.068493150684931,9.078,1.659891292210281,0.06452629009188779,FOXO1::ELK3
MA1487.2,17,7969,23.28767123287671,15.937999999999999,1.4611413748824642,0.06477700270555543,FOXE1
MA0650.3,10,4011,13.698630136986301,8.022,1.7076327769865745,0.06587471378640358,Hoxa13
MA1636.1,9,3477,12.32876712328767,6.954000000000001,1.7729029512924461,0.06588536631481573,CEBPG
MA0748.2,6,1961,8.21917808219178,3.9219999999999997,2.0956598883711832,0.06668533844525006,YY2
MA0100.3,8,2964,10.95890410958904,5.928,1.8486680346810123,0.0668441023100793,MYB
MA1621.1,14,6278,19.17808219178082,12.556000000000001,1.527403806290285,0.06859909040680989,Rbpjl
MA1463.1,8,2981,10.95890410958904,5.962,1.8381254796358673,0.06862919479589566,ARGFX
MA1632.1,10,4045,13.698630136986301,8.09,1.6932793741639434,0.06891274106093233,ATF2
MA1137.1,9,3512,12.32876712328767,7.024,1.7552344993291102,0.0692560851880708,FOSL1::JUNB
MA0682.2,15,6875,20.54794520547945,13.750000000000002,1.49439601494396,0.06996037481730422,PITX1
MA0800.1,8,3032,10.95890410958904,6.064,1.8072071420826255,0.07416232516845923,EOMES
MA0002.2,14,6361,19.17808219178082,12.722,1.5074738399450418,0.07482005912894128,Runx1
MA1130.1,9,3578,12.32876712328767,7.156,1.7228573397551246,0.07590713861151911,FOSL2::JUN
MA0767.1,4,1097,5.47945205479452,2.194,2.497471310298323,0.07674328445051447,GCM2
MA0060.3,8,3055,10.95890410958904,6.11,1.793601327264982,0.076745194406418,NFYA
MA0481.3,10,4133,13.698630136986301,8.266,1.65722600253887,0.07719348366773068,FOXP1
MA1995.1,3,679,4.10958904109589,1.358,3.0262069522061044,0.07731571784479005,Npas4
MA1952.1,12,5250,16.43835616438356,10.5,1.5655577299412915,0.07748879863172961,FOXJ2::ELF1
MA0609.2,5,1560,6.8493150684931505,3.1199999999999997,2.1952932911837024,0.0778557940355913,CREM
MA0795.1,4,1104,5.47945205479452,2.2079999999999997,2.4816358943815766,0.078142326106899307,SMAD3
MA0786.1,10,4149,13.698630136986301,8.298,1.6508351575061824,0.07876424141683203,POU3F1
MA1620.1,14,6445,19.17808219178082,12.889999999999999,1.4878263919147263,0.08149088515112565,Ptf1A
MA0706.1,8,3097,10.95890410958904,6.194,1.7692773828848951,0.08160248143595741,MEOX2
MA0522.3,17,8225,23.28767123287671,16.45,1.4156639047341466,0.08215663990182688,TCF3
MA0056.2,13,5876,17.80821917808219,11.752,1.5153351921445022,0.08228672047236645,MZF1
MA1929.1,22,11279,30.136986301369863,22.558,1.3359777596138782,0.0823247304884641,CTCF
MA1711.1,10,4190,13.698630136986301,8.38,1.6346814005950239,0.08288134511117956,ZNF343
MA0797.1,9,3644,12.32876712328767,7.288,1.6916530081349712,0.08294602300963169,TGIF2
MA1138.1,8,3124,10.95890410958904,6.248,1.753985933032817,0.08482114767558308,FOSL2::JUNB
MA0052.4,18,8868,24.65753424657534,17.736,1.3902533968524662,0.08517006724495307,MEF2A
MA0051.1,10,4218,13.698630136986301,8.436,1.6238300304630513,0.08576929447045366,IRF2
MA0482.2,9,3675,12.32876712328767,7.35,1.6773832820799552,0.08638657187093496,GATA4
MA0038.2,10,4225,13.698630136986301,8.450000000000001,1.6211396611818105,0.0865009701507092,GFI1
MA1648.1,17,8286,23.28767123287671,16.572,1.4052420488098427,0.08672318964195597,TCF12
MA1134.1,8,3141,10.95890410958904,6.282,1.7444928541211462,0.08688630977183831,FOS::JUNB
MA1962.1,10,4237,13.698630136986301,8.474,1.6165482814475218,0.08776429471254182,POU2F1::SOX2
MA1956.1,11,4800,15.068493150684931,9.6,1.5696347031963471,0.08814755519730569,FOXO1::FLI1
MA1618.1,13,5960,17.80821917808219,11.92,1.4939781189666268,0.0897146989169746,Ptf1a
MA0788.1,10,4262,13.698630136986301,8.524,1.607065947558224,0.09043284974787255,POU3F3
MA0689.1,8,3177,10.95890410958904,6.354,1.7247252297118414,0.09135796325452736,TBX20
MA0032.2,11,4839,15.068493150684931,9.678,1.556984206518385,0.09208980126793574,FOXC1
MA1950.1,12,5417,16.43835616438356,10.834000000000001,1.5172933509676534,0.09288599828350745,FLI1::FOXI1
MA0018.4,9,3735,12.32876712328767,7.470000000000001,1.6504373659019638,0.0932901102937573,CREB1
MA0019.1,7,2676,9.58904109589041,5.351999999999999,1.7916743452710036,0.09529745976818588,Ddit3::Cebpa
MA0773.1,13,6037,17.80821917808219,12.074,1.4749229069142116,0.09689098700499767,MEF2D
MA0480.2,9,3771,12.32876712328767,7.542,1.634681400595024,0.09758686041039086,Foxo1
MA1537.1,10,4340,13.698630136986301,8.68,1.5781831955053343,0.09907708087804884,NR2F1
MA1135.1,8,3241,10.95890410958904,6.482,1.6906670949689973,0.09963669580055023,FOSB::JUNB
MA1489.1,13,6072,17.80821917808219,12.144,1.4664212103163858,0.10026962734034811,FOXN3
MA0743.2,8,3252,10.95890410958904,6.5040000000000004,1.6849483563328782,0.10110187877257493,SCRT1
MA0511.2,6,2205,8.21917808219178,4.41,1.8637592023110612,0.10280191158052364,RUNX2
MA1544.1,2,373,2.73972602739726,0.746,3.6725549965110726,0.10336261311326324,OVOL1
MA0712.2,15,7299,20.54794520547945,14.597999999999999,1.4075863272694515,0.10447312009833784,OTX2
MA1150.1,9,3835,12.32876712328767,7.670000000000001,1.60740118947688,0.10551108617668377,RORB
MA0139.1,24,12884,32.87671232876712,25.768,1.2758736544849083,0.1064391386616435,CTCF
MA0050.3,17,8528,23.28767123287671,17.055999999999997,1.3653653396386443,0.10649845006327904,Irf1
MA1468.1,7,2754,9.58904109589041,5.508,1.740929755971389,0.10674421071434886,ATOH7
MA0157.3,9,3851,12.32876712328767,7.702000000000001,1.600722815280144,0.1075490593114008,Foxo3
MA1556.1,7,2761,9.58904109589041,5.522,1.7365159536201393,0.10780696149392839,RXRG
MA0614.1,7,2771,9.58904109589041,5.542,1.7302492053212577,0.10933523316975936,Foxj2
MA1588.1,8,3317,10.95890410958904,6.6339999999999995,1.651930073799976,0.11001128072045177,ZNF136
MA0845.1,10,4435,13.698630136986301,8.870000000000001,1.544377693008602,0.11025560876972723,FOXB1
MA1499.1,5,1748,6.8493150684931505,3.496,1.9591862324065077,0.11215744758213678,HOXB4
MA1657.1,8,3338,10.95890410958904,6.676,1.6415374639887717,0.11298111851411781,ZNF652
MA1535.1,8,3339,10.95890410958904,6.678000000000001,1.6410458385128839,0.1131236463992636,NR2C1
MA0466.3,2,398,2.73972602739726,0.796,3.4418668685895226,0.1150619349806889,CEBPB
MA0655.1,7,2819,9.58904109589041,5.638,1.7007877076783275,0.11683458011160193,JDP2
MA1998.1,7,2819,9.58904109589041,5.638,1.7007877076783275,0.11683458011160193,Prdm14
MA1602.1,4,1283,5.47945205479452,2.566,2.13540610085523,0.11811838940581129,ZSCAN29
MA1974.1,5,1781,6.8493150684931505,3.562,1.9228846346134618,0.11883797430509747,ZNF211
MA0704.1,6,2298,8.21917808219178,4.596,1.7883329160556527,0.11885168963724667,Lhx4
MA0721.1,6,2298,8.21917808219178,4.596,1.7883329160556527,0.11885168963724667,UNCX
MA0710.1,6,2304,8.21917808219178,4.6080000000000005,1.7836757990867576,0.11992881124935499,NOTO
MA0769.2,9,3950,12.32876712328767,7.9,1.5606034333275531,0.12066124173128795,TCF7
MA0103.3,17,8691,23.28767123287671,17.382,1.3397578663489074,0.12133089326423298,ZEB1
MA0801.1,9,3966,12.32876712328767,7.932,1.55430750419663,0.12286093088906826,MGA
MA0803.1,9,3966,12.32876712328767,7.932,1.55430750419663,0.12286093088906826,TBX15
MA0634.1,8,3406,10.95890410958904,6.812,1.6087645492643923,0.12290063559621485,ALX3
MA0112.3,8,3412,10.95890410958904,6.824,1.6059355377475149,0.12379792676095734,ESR1
MA1557.1,3,843,4.10958904109589,1.686,2.4374786720616193,0.1256685020013339,SMAD5
MA0092.1,9,3991,12.32876712328767,7.982,1.5445711755559597,0.12634238028421785,Hand1::Tcf3
MA0138.2,13,6323,17.80821917808219,12.645999999999999,1.4082096455861293,0.12663968667344833,REST
MA0775.1,8,3433,10.95890410958904,6.866,1.596111871481072,0.12696633400535745,MEIS3
MA1152.1,12,5739,16.43835616438356,11.478,1.4321620634591008,0.1276660963107367,SOX15
MA1553.1,5,1827,6.8493150684931505,3.6540000000000004,1.8744704620944581,0.12846150972460238,RARG
MA0042.2,9,4009,12.32876712328767,8.018,1.5376362089408417,0.12888241767389272,FOXI1
MA0033.2,9,4009,12.32876712328767,8.018,1.5376362089408417,0.12888241767389272,FOXL1
MA0848.1,9,4009,12.32876712328767,8.018,1.5376362089408417,0.12888241767389272,FOXO4
MA0849.1,9,4009,12.32876712328767,8.018,1.5376362089408417,0.12888241767389272,FOXO6
MA0850.1,9,4009,12.32876712328767,8.018,1.5376362089408417,0.12888241767389272,FOXP3
MA1983.1,10,4585,13.698630136986301,9.17,1.4938527957455072,0.12934676334776032,ZNF582
MA0498.2,9,4024,12.32876712328767,8.048,1.5319044636291836,0.13102036514662993,MEIS1
MA0014.3,5,1840,6.8493150684931505,3.6799999999999997,1.8612269207861825,0.13124542312585963,PAX5
MA1933.1,5,1841,6.8493150684931505,3.682,1.860215933865603,0.13146072405883819,ELK1::SREBF2
MA1125.1,21,11312,28.767123287671232,22.624,1.2715312627153126,0.13330098560455828,ZNF384
MA1563.2,6,2382,8.21917808219178,4.764,1.725268279217418,0.13437766497156245,SOX18
MA0036.3,8,3494,10.95890410958904,6.9879999999999995,1.5682461519160047,0.13641346649393613,GATA2
MA0145.2,13,6410,17.80821917808219,12.82,1.389096659756801,0.13665160971611634,Tfcp2l1
MA1607.1,10,4651,13.698630136986301,9.302000000000001,1.472654282625919,0.138296742255034,Foxl2
MA1640.1,8,3515,10.95890410958904,7.03,1.5588768292445292,0.13974861862334326,MEIS2
MA0673.1,8,3518,10.95890410958904,7.0360000000000005,1.557547485728971,0.14022849578551674,NKX2-8
MA1709.1,16,8311,21.91780821917808,16.622,1.318602347441829,0.14523444147513512,ZIM3
MA0787.1,9,4124,12.32876712328767,8.248,1.4947583806119873,0.14576063692345337,POU3F2
MA1547.2,12,5890,16.43835616438356,11.78,1.395446193920506,0.14626592306792835,PITX2
MA0135.1,9,4151,12.32876712328767,8.302,1.4850357893625237,0.1498835523693525,Lhx3
MA0505.2,11,5326,15.068493150684931,10.652000000000001,1.4146163303309172,0.15037746664733231,Nr5A2
MA1601.2,11,5329,15.068493150684931,10.658,1.4138199615955087,0.15078744979753794,ZNF75D
MA0106.3,5,1938,6.8493150684931505,3.8760000000000003,1.7671091507980263,0.15310362298348812,TP53
MA1576.1,10,4762,13.698630136986301,9.524000000000001,1.4383273978356048,0.1540873430864486,THRB
MA1552.1,5,1945,6.8493150684931505,3.8899999999999997,1.760749374933972,0.15472172017658611,RARB
MA0041.2,15,7782,20.54794520547945,15.564,1.3202226423464052,0.1550369602253833,FOXD3
MA0611.2,7,3044,9.58904109589041,6.088,1.575072453332853,0.15547170652506231,Dux
MA0072.1,8,3612,10.95890410958904,7.224,1.5170133042066778,0.15569130830429648,RORA
MA0607.2,4,1437,5.47945205479452,2.874,1.9065595180217536,0.15833777977878158,BHLHA15
MA1105.2,8,3641,10.95890410958904,7.282,1.5049305286444714,0.16062538083500846,GRHL2
MA0838.1,3,949,4.10958904109589,1.8980000000000001,2.1652207803455688,0.1614768277336261,CEBPG
MA0713.1,9,4236,12.32876712328767,8.472,1.4552369125693663,0.1632496263724534,PHOX2A
MA0826.1,4,1460,5.47945205479452,2.92,1.8765246762994934,0.16474530458531897,OLIG1
MA1727.1,6,2545,8.21917808219178,5.09,1.614769760744947,0.16711495333983467,ZNF417
MA1716.1,11,5446,15.068493150684931,10.892,1.3834459374481207,0.16724104594018294,ZNF76
MA0467.2,13,6672,17.80821917808219,13.344000000000001,1.3345487993167107,0.1694413402249196,Crx
MA1643.1,16,8535,21.91780821917808,17.07,1.2839957949137715,0.17082810882331753,NFIB
MA1949.1,5,2014,6.8493150684931505,4.0280000000000005,1.7004257866169687,0.1710532623059616,FLI1::DRGX
MA0031.1,7,3131,9.58904109589041,6.262,1.531306466925968,0.17186210789707349,FOXD1
MA0613.1,5,2026,6.8493150684931505,4.052,1.6903541630042327,0.17396197016954768,FOXG1
MA0757.1,7,3162,9.58904109589041,6.324000000000001,1.5162936584266935,0.17788425550755316,ONECUT3
MA0091.1,10,4920,13.698630136986301,9.84,1.3921372090433233,0.17810282031257357,TAL1::TCF3
MA0507.2,8,3743,10.95890410958904,7.486,1.4639198650265883,0.17856846641004334,POU2F2
MA1575.1,6,2602,8.21917808219178,5.204000000000001,1.5793962494603726,0.17931664483466997,THRB
MA0083.3,4,1515,5.47945205479452,3.0300000000000002,1.8084000180839999,0.18044284103318392,SRF
MA0676.1,7,3197,9.58904109589041,6.394,1.4996936340147653,0.18479394326663717,Nr2e1
MA0785.1,8,3792,10.95890410958904,7.5840000000000005,1.4450031790069937,0.18750235134636636,POU2F1
MA0509.3,5,2090,6.8493150684931505,4.18,1.638592121649079,0.18979782450510588,RFX1
MA0822.1,5,2108,6.8493150684931505,4.216,1.6246003483143145,0.19434559433363727,HES7
MA0592.3,10,5036,13.698630136986301,10.072000000000001,1.3600705060550338,0.19682328500720386,ESRRA
MA0876.1,6,2688,8.21917808219178,5.376,1.5288649706457924,0.1983992051719722,BSX
MA0762.1,5,2127,6.8493150684931505,4.2540000000000004,1.610088168428103,0.1991886730765417,ETV2
MA0691.1,9,4459,12.32876712328767,8.918,1.3824587489669962,0.2009578559713062,TFAP4
MA1729.1,12,6297,16.43835616438356,12.594,1.3052529906609147,0.2032669951229422,ZNF680
MA0807.1,10,5102,13.698630136986301,10.204,1.3424764932366033,0.20786183664471053,TBX5
MA1958.1,5,2164,6.8493150684931505,4.328,1.5825589344947204,0.20874106310331597,HOXD12::ELK1
MA1115.1,9,4518,12.32876712328767,9.036,1.3644053921301098,0.21152981820777214,POU5F1
MA0070.1,5,2176,6.8493150684931505,4.352,1.5738315874294921,0.21187230213779254,PBX1
MA1541.1,8,3923,10.95890410958904,7.846,1.3967504600546827,0.21232306057695266,NR6A1
MA0784.2,8,3939,10.95890410958904,7.878,1.3910769369876923,0.21544312511771688,POU1F1
MA1985.1,5,2196,6.8493150684931505,4.392,1.5594979664146515,0.2171257868280129,ZNF669
MA0679.2,8,3956,10.95890410958904,7.912,1.3850991038408798,0.21877829401598345,ONECUT1
MA0896.1,6,2780,8.21917808219178,5.56,1.478269439243126,0.2196349827942243,Hmx1
MA0829.2,7,3369,9.58904109589041,6.7379999999999995,1.423128687428081,0.22033888401182958,SREBF1
MA0738.1,11,5790,15.068493150684931,11.58,1.3012515674166607,0.22054665224501632,HIC2
MA0116.1,9,4576,12.32876712328767,9.152000000000001,1.3471117923172715,0.22214643221439698,Znf423
MA1968.1,3,1132,4.10958904109589,2.2640000000000002,1.8151895057844034,0.22921979085169233,TFCP2
MA0621.1,7,3411,9.58904109589041,6.822,1.405605554953153,0.22938752194572437,mix-a
MA1550.1,8,4020,10.95890410958904,8.04,1.3630477748245076,0.23151417242858346,PPARD
MA1536.1,7,3426,9.58904109589041,6.851999999999999,1.3994514150453023,0.23265135102490764,NR2C2
MA1931.1,4,1698,5.47945205479452,3.396,1.61350178291947,0.2359170317148196,ELK1::HOXA1
MA1991.1,9,4660,12.32876712328767,9.32,1.3228290904815097,0.23789401236015364,Hnf1A
MA1574.1,8,4060,10.95890410958904,8.12,1.34961873270801,0.23961257110753886,THRB
MA1570.1,4,1719,5.47945205479452,3.438,1.5937905918541362,0.24254620490275286,TFAP4
MA1947.1,10,5303,13.698630136986301,10.606,1.291592507730181,0.24306798184412912,ETV5::FOXO1
MA1524.2,10,5304,13.698630136986301,10.607999999999999,1.2913489948139425,0.24324871210920007,Msgn1
MA0648.1,9,4703,12.32876712328767,9.406,1.3107343316274367,0.2461159617771673,GSC
MA2001.1,7,3494,9.58904109589041,6.9879999999999995,1.372215382926504,0.2476487202452774,Six4
MA0744.2,7,3519,9.58904109589041,7.038,1.362466765542826,0.25324140640607345,SCRT2
MA0510.2,5,2349,6.8493150684931505,4.698,1.4579214705179118,0.25860049688972175,RFX5
MA1474.1,4,1772,5.47945205479452,3.544,1.5461207829555643,0.25946736724062336,CREB3L4
MA0642.2,5,2354,6.8493150684931505,4.707999999999999,1.454824780903388,0.25998985164714317,EN2
MA1720.1,9,4794,12.32876712328767,9.588000000000001,1.285853892708351,0.26384855595902934,ZNF85
MA0483.1,12,6676,16.43835616438356,13.352,1.2311530979915788,0.26426771624464873,Gfi1B
MA1939.1,4,1807,5.47945205479452,3.614,1.5161737838391036,0.27077460319858354,ERF::SREBF2
MA0626.1,5,2402,6.8493150684931505,4.804,1.4257525121759262,0.2734205883400851,Npas2
MA0792.1,7,3632,9.58904109589041,7.263999999999999,1.3200772433769838,0.2789977012440316,POU5F1B
MA0856.1,7,3658,9.58904109589041,7.316000000000001,1.3106945183010401,0.2850247712450961,RXRG
MA0881.1,5,2449,6.8493150684931505,4.898000000000001,1.3983901732325745,0.28672060776821745,Dlx4
MA0805.1,7,3670,9.58904109589041,7.340000000000001,1.3064088686499196,0.2878180718541429,TBX1
MA0514.2,6,3065,8.21917808219178,6.13,1.340812085186261,0.2897760791652716,Sox3
MA0627.2,8,4304,10.95890410958904,8.608,1.2731068900544888,0.2910214174296158,POU2F3
MA0809.2,9,4931,12.32876712328767,9.862,1.2501284854276689,0.29131003955345464,TEAD4
MA0804.1,3,1290,4.10958904109589,2.58,1.5928639694170115,0.2913416665730177,TBX19
MA0111.1,8,4313,10.95890410958904,8.626000000000001,1.270450279340255,0.2929750921659267,Spz1
MA0688.1,6,3089,8.21917808219178,6.178,1.330394639396533,0.2959187418719245,TBX2
MA1592.1,7,3707,9.58904109589041,7.414,1.2933694491354748,0.2964744894308738,ZNF274
MA0749.1,1,243,1.36986301369863,0.486,2.8186481763346296,0.29945862990278516,ZBED1
MA0009.2,3,1311,4.10958904109589,2.622,1.567348985925206,0.2997271699368044,TBXT
MA0790.1,8,4346,10.95890410958904,8.692,1.260803510076972,0.30016832388724035,POU4F1
MA0602.1,5,2497,6.8493150684931505,4.994,1.3715088242877755,0.30043549691123267,Arid5a
MA0828.2,3,1314,4.10958904109589,2.628,1.5637705635829109,0.3009264682772253,SREBF2
MA2003.1,7,3727,9.58904109589041,7.454,1.2864289101006723,0.3011798133103344,NKX2-4
MA1572.1,5,2502,6.8493150684931505,5.0040000000000004,1.3687679992991906,0.30187097347971875,TGIF2LY
MA0686.1,3,1317,4.10958904109589,2.634,1.560208443848098,0.30212607035822364,SPDEF
MA1568.1,4,1907,5.47945205479452,3.814,1.436668079390278,0.3035400580572231,TCF21
MA0525.2,3,1322,4.10958904109589,2.644,1.55430750419663,0.304126047552254,TP63
MA0901.2,10,5642,13.698630136986301,11.283999999999999,1.2139870734656417,0.3069883284673495,HOXB13
MA1484.1,4,1920,5.47945205479452,3.84,1.4269406392694064,0.3078391907366542,ETS2
MA1153.1,6,3136,8.21917808219178,6.272,1.3104556891249648,0.30802805023053037,Smad4
MA1989.1,9,5013,12.32876712328767,10.026,1.22967954551044,0.3081276209955886,Bcl11B
MA1538.1,5,2533,6.8493150684931505,5.066,1.352016397254866,0.31079685654804395,NR2F1
MA0789.1,6,3157,8.21917808219178,6.314,1.3017386889755749,0.31346988540010706,POU3F4
MA0122.3,6,3159,8.21917808219178,6.318,1.3009145429236753,0.3139890922987837,Nkx3-2
MA1480.1,7,3784,9.58904109589041,7.568,1.267050884763532,0.314682333737833,DPRX
MA1533.1,5,2547,6.8493150684931505,5.094,1.3445848190995584,0.31484157422169334,NR1I2
MA0855.1,7,3786,9.58904109589041,7.571999999999999,1.2663815499062878,0.31515843173086844,RXRB
MA1527.1,11,6327,15.068493150684931,12.654000000000002,1.1908086890062375,0.3157548178170165,NFIC
MA0834.1,3,1357,4.10958904109589,2.714,1.5142185118260465,0.3181436374751558,ATF7
MA0700.2,6,3179,8.21917808219178,6.358,1.2927301167335294,0.31918970587245066,LHX2
MA0674.1,5,2564,6.8493150684931505,5.128,1.3356698651507704,0.3197634614559917,NKX6-1
MA0675.1,5,2564,6.8493150684931505,5.128,1.3356698651507704,0.3197634614559917,NKX6-2
MA1519.1,5,2564,6.8493150684931505,5.128,1.3356698651507704,0.3197634614559917,LHX5
MA0715.1,7,3812,9.58904109589041,7.6240000000000006,1.2577441101640097,0.32136100672853374,PROP1
MA0652.1,5,2572,6.8493150684931505,5.144,1.3315153710134429,0.3220833715565528,IRF8
MA0030.1,6,3195,8.21917808219178,6.39,1.2862563508907325,0.32336090119987526,FOXF2
MA1944.1,6,3203,8.21917808219178,6.406000000000001,1.283043721853228,0.3254498816795353,ETV5::DRGX
MA1121.1,8,4467,10.95890410958904,8.934000000000001,1.2266514561886097,0.3269028728637253,TEAD2
MA0861.1,4,1986,5.47945205479452,3.972,1.3795196512574321,0.3297631553052385,TP73
MA1518.2,4,1987,5.47945205479452,3.9739999999999998,1.3788253786599196,0.33009635057244974,Lhx1
MA0755.1,2,808,2.73972602739726,1.616,1.69537501695375,0.3305859389739152,CUX2
MA0076.2,6,3227,8.21917808219178,6.454,1.273501407219055,0.33172954829189716,ELK4
MA1594.1,6,3232,8.21917808219178,6.464,1.2715312627153124,0.3330400977253787,ZNF382
MA1554.1,3,1400,4.10958904109589,2.8000000000000003,1.4677103718199607,0.3353867936279704,RFX7
MA0658.1,4,2014,5.47945205479452,4.0280000000000005,1.360340629293575,0.33910094019661785,LHX6
MA1525.2,7,3886,9.58904109589041,7.771999999999999,1.233793244453218,0.33913696692883233,NFATC4
MA0678.1,3,1410,4.10958904109589,2.82,1.457301078402798,0.33939682781522906,OLIG2
MA0823.1,4,2015,5.47945205479452,4.03,1.3596655222815186,0.3394347165046746,HEY1
MA1507.1,5,2642,6.8493150684931505,5.284,1.296236765422625,0.34246883697285024,HOXD4
MA0882.1,5,2644,6.8493150684931505,5.288,1.2952562534971919,0.34305321243259507,DLX6
MA1994.1,8,4583,10.95890410958904,9.166,1.1956037649562556,0.3529628848403995,Nkx2-1
MA0719.1,9,5238,12.32876712328767,10.476,1.1768582591912629,0.3554016086886921,RHOXF1
MA0754.2,2,858,2.73972602739726,1.7160000000000002,1.5965769390426923,0.3571645280615522,CUX1
MA1932.1,3,1456,4.10958904109589,2.912,1.4112599729038084,0.3578251997993601,ELK1::HOXB13
MA0758.1,4,2072,5.47945205479452,4.144,1.3222615962341988,0.358480270685141,E2F7
MA0766.2,5,2698,6.8493150684931505,5.396,1.2693319252211177,0.35886084365137744,GATA5
MA1964.1,10,5912,13.698630136986301,11.824,1.1585444973770553,0.360808882822578,SMAD2
MA0914.1,5,2709,6.8493150684931505,5.418,1.264177753505565,0.3620865171527941,ISL2
MA0886.1,4,2089,5.47945205479452,4.178,1.311501209859866,0.3641643298681365,EMX2
MA0647.1,3,1474,4.10958904109589,2.948,1.3940261333432462,0.36502265599702,GRHL1
MA1979.1,12,7258,16.43835616438356,14.516000000000002,1.132430157370044,0.36850467783133195,ZNF416
MA1419.1,4,2117,5.47945205479452,4.234,1.2941549491720643,0.3735249018089323,IRF4
MA0631.1,3,1501,4.10958904109589,3.0020000000000002,1.3689503801118885,0.3757973443475856,Six3
MA0799.2,3,1512,4.10958904109589,3.024,1.358991085018482,0.380178192346727,RFX4
MA0025.2,5,2772,6.8493150684931505,5.5440000000000005,1.235446440925893,0.3805805496091581,NFIL3
MA1625.1,9,5357,12.32876712328767,10.714,1.1507156172566428,0.3808786179282922,Stat5b
MA0140.2,6,3430,8.21917808219178,6.859999999999999,1.1981309157713966,0.38537565165558263,GATA1::TAL1
MA0017.2,11,6699,15.068493150684931,13.398,1.124682277256675,0.38722810823247994,NR2F1
MA0895.1,3,1530,4.10958904109589,3.06,1.3430029546064999,0.38733406308886453,HMBOX1
MA0817.1,3,1531,4.10958904109589,3.0620000000000003,1.3421257482351043,0.38773111261069115,BHLHE23
MA0699.1,5,2800,6.8493150684931505,5.6000000000000005,1.223091976516634,0.38880375308223647,LBX2
MA1131.1,4,2166,5.47945205479452,4.332,1.2648781289922715,0.3898877799892776,FOSL2::JUN
MA1937.1,4,2175,5.47945205479452,4.35,1.259644150527476,0.39288898316338594,ERF::HOXB13
MA0119.1,10,6082,13.698630136986301,12.164,1.1261616357272526,0.39547536256797683,NFIC::TLX1
MA0124.2,5,2823,6.8493150684931505,5.646,1.2131270046923752,0.39555659832634993,Nkx3-1
MA0752.1,4,2186,5.47945205479452,4.372,1.2533055935028639,0.39655477436662856,ZNF410
MA0141.3,7,4123,9.58904109589041,8.246,1.1628718282670882,0.39687392095258645,ESRRB
MA0027.2,6,3477,8.21917808219178,6.954000000000001,1.1819353008616307,0.3978638345027422,EN1
MA0802.1,5,2832,6.8493150684931505,5.664000000000001,1.209271728194412,0.39819808678481294,TBR1
MA0125.1,3,1581,4.10958904109589,3.1620000000000004,1.2996802786514514,0.40750669330338496,Nobox
MA1545.1,1,357,1.36986301369863,0.714,1.9185756494378574,0.40753768095741094,OVOL2
MA0643.1,7,4174,9.58904109589041,8.347999999999999,1.1486632841267863,0.4093721253877821,Esrrg
MA0781.1,3,1589,4.10958904109589,3.1780000000000004,1.2931368914713308,0.4106552982728058,PAX9
MA1707.1,4,2242,5.47945205479452,4.484,1.2220009042806692,0.4151666930542126,DMRTA1
MA0727.1,3,1606,4.10958904109589,3.212,1.2794486429314724,0.4173302141795816,NR3C2
MA0793.1,6,3557,8.21917808219178,7.114,1.1553525558324123,0.41911096372942946,POU6F2
MA0703.2,6,3557,8.21917808219178,7.114,1.1553525558324123,0.41911096372942946,LMX1B
MA0798.3,4,2258,5.47945205479452,4.516,1.2133419076161471,0.42046558342205287,RFX3
MA0844.1,2,988,2.73972602739726,1.976,1.386501026010759,0.4243517926123843,XBP1
MA0827.1,3,1624,4.10958904109589,3.248,1.2652675619137592,0.4243728771048274,OLIG3
MA1722.1,5,2922,6.8493150684931505,5.844,1.1720251657243583,0.42455635287789384,ZSCAN31
MA0874.1,4,2274,5.47945205479452,4.548,1.204804761388417,0.4257545797646496,Arx
MA0164.1,6,3588,8.21917808219178,7.176,1.1453704127914965,0.4273305567437521,Nr2e3
MA0693.3,6,3591,8.21917808219178,7.1819999999999995,1.1444135452787219,0.4281253767705758,Vdr
MA0161.2,9,5582,12.32876712328767,11.164,1.1043324187824857,0.4294585659481064,NFIC
MA0862.1,1,383,1.36986301369863,0.766,1.7883329160556527,0.42978327487006573,GMEB2
MA1646.1,12,7599,16.43835616438356,15.198,1.0816131178038926,0.43271350371588857,OSR2
MA0618.1,4,2297,5.47945205479452,4.594,1.1927409784054244,0.4333385493900658,LBX1
MA0523.1,8,4936,10.95890410958904,9.872,1.1100996869518882,0.43355223555756606,TCF7L2
MA0639.1,2,1014,2.73972602739726,2.028,1.3509497176515088,0.43737759593005077,DBP
MA1608.1,4,2311,5.47945205479452,4.622,1.1855153731706016,0.43794304111744653,Isl1
MA0629.1,4,2338,5.47945205479452,4.676,1.1718246481596493,0.4467956032796073,Rhox11
MA1496.1,4,2342,5.47945205479452,4.684,1.16982323970848,0.44810383846781543,HOXA4
MA0847.3,9,5669,12.32876712328767,11.338,1.087384646612072,0.4482601718497481,FOXD2
MA0690.2,5,3004,6.8493150684931505,6.008,1.140032468124692,0.4484192291786919,TBX21
MA1566.2,6,3669,8.21917808219178,7.338,1.120084230334121,0.44873908726155964,TBX3
MA1539.1,4,2348,5.47945205479452,4.696,1.1668339128608434,0.4500645487943945,NR2F6
MA0090.3,8,5014,10.95890410958904,10.027999999999999,1.0928304855992264,0.45138270535418945,TEAD1
MA1124.1,8,5033,10.95890410958904,10.066,1.0887049582345558,0.45571703593416113,ZNF24
MA0156.3,3,1708,4.10958904109589,3.4160000000000004,1.2030412883770167,0.4568515034630718,FEV
MA0043.3,4,2373,5.47945205479452,4.746,1.1545410987767635,0.45821215608952315,HLF
MA1118.1,5,3041,6.8493150684931505,6.082,1.1261616357272526,0.45911745364092005,SIX1
MA0630.1,4,2384,5.47945205479452,4.768,1.149213937666636,0.4617853671100347,SHOX
MA0654.1,4,2384,5.47945205479452,4.768,1.149213937666636,0.4617853671100347,ISX
MA0716.1,4,2384,5.47945205479452,4.768,1.149213937666636,0.4617853671100347,PRRX1
MA0717.1,4,2384,5.47945205479452,4.768,1.149213937666636,0.4617853671100347,RAX2
MA0720.1,4,2384,5.47945205479452,4.768,1.149213937666636,0.4617853671100347,Shox2
MA0669.1,4,2388,5.47945205479452,4.776,1.1472889561965076,0.46308286948284594,NEUROG2
MA0143.4,5,3075,6.8493150684931505,6.15,1.1137097672346585,0.4689021553062952,SOX2
MA1112.2,8,5102,10.95890410958904,10.204,1.0739811945892825,0.47141609795164663,NR4A1
MA1127.1,3,1765,4.10958904109589,3.53,1.164189530055493,0.47847169939562884,FOSB::JUN
MA0806.1,6,3786,8.21917808219178,7.571999999999999,1.0854698999196752,0.4793940725722159,TBX4
MA0610.1,3,1774,4.10958904109589,3.5479999999999996,1.1582832697564516,0.48185090312853396,DMRT3
MA0839.1,3,1781,4.10958904109589,3.562,1.153730780768077,0.4844723671555463,CREB3L1
MA1960.1,5,3135,6.8493150684931505,6.2700000000000005,1.0923947477660527,0.4860460963454394,MGA::EVX1
MA1996.1,8,5179,10.95890410958904,10.358,1.0580135267029387,0.4888376945234736,Nr1H2
MA1603.1,4,2471,5.47945205479452,4.942,1.1087519333861837,0.48976432526684344,Dmrt1
MA0833.2,5,3158,6.8493150684931505,6.315999999999999,1.0844387378868194,0.4925717642671823,ATF4
MA0724.1,2,1136,2.73972602739726,2.2720000000000002,1.2058653289600616,0.4963141937893202,VENTX
MA0638.1,2,1138,2.73972602739726,2.276,1.203746057731661,0.4972484327824518,CREB3
MA0622.1,3,1823,4.10958904109589,3.646,1.1271500386988178,0.5000720302820185,Mlxip
MA0868.2,5,3187,6.8493150684931505,6.3740000000000006,1.0745709238301144,0.5007600549138824,SOX8
MA0837.2,1,476,1.36986301369863,0.9520000000000001,1.4389317370783927,0.5028158643477856,CEBPE
MA0843.1,2,1152,2.73972602739726,2.3040000000000003,1.1891171993911718,0.503757943286753,TEF
MA0891.1,7,4588,9.58904109589041,9.176,1.0450131970238024,0.5097455614968072,GSC2
MA0484.2,7,4590,9.58904109589041,9.180000000000001,1.0445578535828333,0.5102204197866503,HNF4G
MA0604.1,1,489,1.36986301369863,0.9780000000000001,1.4006779281172086,0.5122604457268494,Atf1
MA0760.1,3,1858,4.10958904109589,3.7159999999999997,1.1059173953433505,0.5128953721268621,ERF
MA0114.4,7,4608,9.58904109589041,9.216000000000001,1.0404775494672753,0.5144878198616856,HNF4A
MA0069.1,3,1863,4.10958904109589,3.726,1.1029492863918116,0.5147136897676704,PAX6
MA0661.1,4,2559,5.47945205479452,5.118,1.0706236918316765,0.5174820623232055,MEOX1
MA0903.1,5,3261,6.8493150684931505,6.522,1.050186303050161,0.521436079277545,HOXB3
MA0776.1,1,502,1.36986301369863,1.004,1.3644053921301096,0.5215280280265129,MYBL1
MA1120.1,5,3284,6.8493150684931505,6.5680000000000005,1.0428311614636343,0.5277936670376839,SOX13
MA0093.3,6,3982,8.21917808219178,7.964,1.0320414467845027,0.5296454101412527,USF1
MA0892.1,5,3293,6.8493150684931505,6.586,1.0399810307459991,0.5302720398777618,GSX1
MA1143.1,2,1220,2.73972602739726,2.44,1.1228385358185493,0.5346096327729734,FOSL1::JUND
MA0007.3,3,1922,4.10958904109589,3.8440000000000003,1.0690918421165165,0.5359029310470415,Ar
MA0818.2,2,1223,2.73972602739726,2.4459999999999997,1.1200842303341212,0.5359409663258747,BHLHE22
MA0898.1,5,3315,6.8493150684931505,6.63,1.033079195851154,0.5363074930542082,Hmx3
MA0464.2,2,1233,2.73972602739726,2.466,1.11100001111,0.5403603205396397,BHLHE40
MA0608.1,3,1946,4.10958904109589,3.8920000000000003,1.0559067423165185,0.5443770228684599,Creb3l2
MA1113.2,5,3355,6.8493150684931505,6.710000000000001,1.0207623052895902,0.5471954788076004,PBX2
MA1504.1,3,1955,4.10958904109589,3.91,1.0510457905616086,0.5475325028739328,HOXC4
MA0024.3,1,544,1.36986301369863,1.088,1.2590652699435938,0.5502983735009187,E2F1
MA1717.1,2,1261,2.73972602739726,2.522,1.0863307007919352,0.5525828553845307,ZNF784
MA1145.1,3,1982,4.10958904109589,3.964,1.0367278105690942,0.5569246884789989,FOSL2::JUND
MA0718.1,4,2701,5.47945205479452,5.402,1.0143376628645908,0.5607399146370444,RAX
MA0488.1,6,4117,8.21917808219178,8.234,0.9981999128238742,0.5631684218133907,JUN
MA1139.1,2,1288,2.73972602739726,2.576,1.063558240449247,0.5641555505167992,FOSL2::JUNB
MA1647.2,6,4124,8.21917808219178,8.248,0.9965055870746582,0.564878199729397,Prdm4
MA0877.3,1,571,1.36986301369863,1.142,1.1995297843245447,0.5678854279763831,BARHL1
MA1119.1,6,4151,8.21917808219178,8.302,0.9900238595750157,0.571445039997606,SIX2
MA1509.1,1,579,1.36986301369863,1.158,1.1829559703787824,0.5729648755170411,IRF6
MA0479.1,5,3453,6.8493150684931505,6.906,0.991791929987424,0.5733734869215857,FOXH1
MA0078.2,6,4167,8.21917808219178,8.334,0.9862224720652484,0.5753151410915631,Sox17
MA1466.1,2,1317,2.73972602739726,2.634,1.0401389625653987,0.5763503157173259,ATF6
MA1478.1,3,2040,4.10958904109589,4.08,1.007252215954875,0.5767147990330841,DMRTA2
MA0600.2,3,2042,4.10958904109589,4.0840000000000005,1.0062656809735282,0.5773876404299445,RFX2
MA1111.1,7,4885,9.58904109589041,9.77,0.9814781060276776,0.5784585037977004,NR2F2
MA0147.3,4,2766,5.47945205479452,5.532,0.9905010945037094,0.5798615308540191,MYC
MA0794.1,2,1334,2.73972602739726,2.6679999999999997,1.0268838183647904,0.5833851421003474,PROX1
MA0470.2,1,597,1.36986301369863,1.194,1.1472889561965076,0.584179305628612,E2F4
MA1136.1,2,1336,2.73972602739726,2.672,1.025346567139693,0.5842072229502324,FOSB::JUNB
MA0825.1,3,2068,4.10958904109589,4.136,0.9936143716382713,0.5860754670927174,MNT
MA0601.1,6,4215,8.21917808219178,8.43,0.9749914688246477,0.5868272308906387,Arid3b
MA1140.2,2,1343,2.73972602739726,2.686,1.0200022440049368,0.5870753013998793,JUNB
MA1528.1,9,6346,12.32876712328767,12.692,0.9713809583428672,0.5899208240079732,NFIX
MA0756.2,1,607,1.36986301369863,1.214,1.1283879849247365,0.590283507998037,ONECUT2
MA0866.1,4,2810,5.47945205479452,5.62,0.9749914688246477,0.5925443306868934,SOX21
MA0865.2,2,1358,2.73972602739726,2.716,1.0087356507353682,0.5931729299188706,E2F8
MA0912.2,3,2094,4.10958904109589,4.188,0.9812772304431447,0.5946524555464479,HOXD3
MA0087.2,5,3549,6.8493150684931505,7.098,0.9649640840367921,0.5982759614077726,Sox5
MA0515.1,9,6389,12.32876712328767,12.778,0.9648432558528464,0.5984300586107363,Sox6
MA0777.1,1,621,1.36986301369863,1.242,1.1029492863918116,0.5986811639219106,MYBL2
MA1147.1,3,2111,4.10958904109589,4.222,0.9733749505201065,0.60019987907092065,NR4A2::RXRA
MA0058.3,3,2116,4.10958904109589,4.232,0.9710749151927905,0.6018222886246022,MAX
MA0791.1,6,4311,8.21917808219178,8.622,0.9532797590108768,0.6093885186414465,POU4F3
MA0132.2,2,1400,2.73972602739726,2.8000000000000003,0.9784735812133071,0.6098957482708864,PDX1
MA0612.2,2,1400,2.73972602739726,2.8000000000000003,0.9784735812133071,0.6098957482708864,EMX1
MA0893.2,2,1400,2.73972602739726,2.8000000000000003,0.9784735812133071,0.6098957482708864,GSX2
MA0900.2,2,1400,2.73972602739726,2.8000000000000003,0.9784735812133071,0.6098957482708864,HOXA2
MA0902.2,2,1400,2.73972602739726,2.8000000000000003,0.9784735812133071,0.6098957482708864,HOXB2
MA0840.1,2,1408,2.73972602739726,2.8160000000000003,0.9729140722291406,0.6130224461446316,Creb5
MA1951.1,2,1423,2.73972602739726,2.846,0.9626584776518834,0.6188344812268289,FOS
MA0779.1,2,1429,2.73972602739726,2.858,0.9586165246316515,0.621140852842285,PAX1
MA1146.1,3,2182,4.10958904109589,4.364,0.941702346722248,0.6228423266330978,NR1H4::RXRA
MA0142.1,7,5089,9.58904109589041,10.177999999999999,0.9421341222136383,0.6230615463020502,Pou5f1::Sox2
MA0808.1,6,4376,8.21917808219178,8.752,0.9391199819688961,0.6242950800414089,TEAD3
MA1984.1,6,4399,8.21917808219178,8.798,0.9342098297558286,0.6294953774850545,ZNF667
MA0889.1,3,2224,4.10958904109589,4.4479999999999995,0.9239183995269538,0.6358309522507612,GBX1
MA0004.1,7,5150,9.58904109589041,10.299999999999999,0.9309748636786807,0.6359148981160989,Arnt
MA0711.1,1,691,1.36986301369863,1.3820000000000001,0.9912178102016136,0.6381890351834795,OTX1
MA0765.3,2,1475,2.73972602739726,2.9499999999999997,0.9287206872533086,0.6384736205410888,ETV5
MA1530.1,4,3022,5.47945205479452,6.0440000000000005,0.9065936556575975,0.6504940667478158,NKX6-3
MA1479.1,3,2296,4.10958904109589,4.5920000000000005,0.8949453486707076,0.6573854690945813,DMRTC2
MA1580.1,3,2305,4.10958904109589,4.61,0.8914509850533383,0.6600161633646335,ZBTB32
MA0884.2,3,2306,4.10958904109589,4.612,0.8910644061352754,0.6603075873890263,DUXA
MA0702.2,3,2309,4.10958904109589,4.618,0.8899066784529861,0.6611808086946448,LMX1A
MA0605.2,2,1539,2.73972602739726,3.078,0.8900994241056726,0.6615662269111773,ATF3
MA1523.1,5,3811,6.8493150684931505,7.622,0.8986243857902323,0.6620688561034069,MSANTD3
MA0726.1,2,1548,2.73972602739726,3.096,0.8849244274538953,0.6647189450646798,VSX2
MA0028.2,2,1555,2.73972602739726,3.11,0.8809408448222702,0.6671550250366514,ELK1
MA1133.1,2,1556,2.73972602739726,3.1119999999999997,0.880374687466986,0.6675018929571022,JUN::JUNB
MA0763.1,2,1576,2.73972602739726,3.152,0.8692024198595368,0.6743793791032098,ETV3
MA0897.1,4,3181,5.47945205479452,6.361999999999999,0.8612782230107704,0.6903269587201117,Hmx2
MA1930.1,14,10481,19.17808219178082,20.962,0.9148975380107252,0.6905509081814607,CTCF
MA0059.1,3,2414,4.10958904109589,4.828,0.851199055736514,0.690749160803369,MAX::MYC
MA0113.3,2,1631,2.73972602739726,3.2620000000000005,0.8398914860200061,0.6927091246391255,NR3C1
MA0764.3,2,1632,2.73972602739726,3.2640000000000002,0.8393768466290624,0.6930345416160939,ETV4
MA0475.2,2,1687,2.73972602739726,3.374,0.8120112707164375,0.7105067025552476,FLI1
MA1148.1,5,4047,6.8493150684931505,8.094,0.8462212834807451,0.7138324625565327,PPARA::RXRA
MA1534.1,3,2504,4.10958904109589,5.008,0.820604840474419,0.7145568741722496,NR1I3
MA0656.1,2,1716,2.73972602739726,3.4320000000000004,0.7982884695213461,0.7193865306366352,JDP2
MA0759.2,2,1730,2.73972602739726,3.46,0.7918283316177053,0.7235923015069936,ELK3
MA0046.2,4,3335,5.47945205479452,6.67,0.8215070546918322,0.7258355553610725,HNF1A
MA0158.2,2,1751,2.73972602739726,3.5020000000000002,0.7823318182173786,0.7298030118376966,HOXA5
MA0649.1,2,1775,2.73972602739726,3.55,0.7717538105344395,0.7367584474950142,HEY2
MA0628.1,2,1783,2.73972602739726,3.566,0.7682910901282278,0.7390434489215434,POU6F1
MA0723.2,3,2642,4.10958904109589,5.284,0.777742059253575,0.7483427600735508,VAX2
MA1471.1,4,3522,5.47945205479452,7.0440000000000005,0.7778892752405622,0.7648844435632851,BARX2
MA0819.2,2,1879,2.73972602739726,3.758,0.7290383255447739,0.765187813041304,CLOCK
MA1475.1,1,990,1.36986301369863,1.9800000000000002,0.6918500069185,0.7679874798641009,CREB3L4
MA1420.1,2,1899,2.73972602739726,3.798,0.7213601967870616,0.7703451024836588,IRF5
MA1498.2,3,2807,4.10958904109589,5.614,0.7320251231022248,0.7845493443034424,HOXA7
MA0098.3,2,1966,2.73972602739726,3.932,0.6967767109352137,0.7869214939569539,ETS1
MA0887.1,2,1976,2.73972602739726,3.952,0.6932505130053795,0.7893049624355277,EVX1
MA1126.1,2,1984,2.73972602739726,3.968,0.6904551480335837,0.7911951076712376,FOS::JUN
MA0888.1,2,1987,2.73972602739726,3.9739999999999998,0.6894126893299598,0.7919001192957436,EVX2
MA0890.1,3,2851,4.10958904109589,5.702,0.7207276466320396,0.7934622994009594,GBX2
MA1718.1,2,2064,2.73972602739726,4.128,0.6636933205904215,0.8093016515448725,ZNF8
MA0067.2,1,1125,1.36986301369863,2.25,0.60882800608828,0.8103302856794086,PAX2
MA1562.1,2,2077,2.73972602739726,4.154,0.6595392458828262,0.8121106694433948,SOX14
MA1129.1,1,1188,1.36986301369863,2.376,0.5765416724320834,0.827386177140079,FOSL1::JUN
MA1940.1,2,2154,2.73972602739726,4.308,0.6359624019027995,0.8280157789922111,ETV2::DRGX
MA0492.1,4,3906,5.47945205479452,7.811999999999999,0.7014147535579264,0.8316379453926198,JUND
MA0871.2,2,2189,2.73972602739726,4.378,0.6257939761071859,0.8348437279819779,TFEC
MA0870.1,2,2205,2.73972602739726,4.41,0.6212530674370205,0.8378842148263876,Sox1
MA0635.1,1,1236,1.36986301369863,2.472,0.5541517045706432,0.839357264052625,BARHL2
MA0663.1,1,1245,1.36986301369863,2.4899999999999998,0.550145788633988,0.8415088727326809,MLX
MA0084.1,3,3184,4.10958904109589,6.368,0.6453500378605355,0.851552015102441,SRY
MA0683.1,4,4058,5.47945205479452,8.116,0.675141948594692,0.8534261447709056,POU4F2
MA0153.2,2,2308,2.73972602739726,4.616,0.5935281688468935,0.8562918444536674,HNF1B
MA0894.1,2,2310,2.73972602739726,4.62,0.5930142916444285,0.856629959764336,HESX1
MA0468.1,4,4110,5.47945205479452,8.219999999999999,0.6666000066660002,0.8603234630843465,DUX4
MA0725.1,2,2362,2.73972602739726,4.723999999999999,0.5799589389071255,0.8651738935529164,VSX1
MA1645.1,4,4168,5.47945205479452,8.336,0.657323902926406,0.8676957608874423,NKX2-2
MA1583.1,1,1415,1.36986301369863,2.83,0.484050534875841,0.8772036827681938,ZFP57
MA0821.2,1,1439,1.36986301369863,2.878,0.47597741963121265,0.8815571170796797,HES5
MA0875.1,2,2539,2.73972602739726,5.078,0.5395285599443206,0.8909198007779319,BARX1
MA1963.1,2,2571,2.73972602739726,5.142,0.5328133075451692,0.895065487325335,SATB1
MA0680.2,3,3520,4.10958904109589,7.04,0.5837484433374843,0.8954383556048882,Pax7
MA0780.1,1,1568,1.36986301369863,3.136,0.43681856304165495,0.9024751243311916,PAX3
MA1549.1,3,3591,4.10958904109589,7.1819999999999995,0.5722067726393609,0.9030990804055776,POU6F1
MA0077.1,2,2677,2.73972602739726,5.354,0.5117157316767389,0.9077892824766065,SOX9
MA1505.1,1,1658,1.36986301369863,3.3160000000000003,0.41310706082588355,0.9148660372687756,HOXC8
MA1421.1,4,4677,5.47945205479452,9.354,0.5857870488341373,0.9194145142516679,TCF7L1
MA0616.2,1,1804,1.36986301369863,3.608,0.3796737842845427,0.9317445836739143,HES2
MA1639.1,2,2940,2.73972602739726,5.88,0.46593980057776535,0.933470135779382,MEIS1
MA0620.3,1,1841,1.36986301369863,3.682,0.3720431867731206,0.9354686379913613,MITF
MA0160.2,3,3988,4.10958904109589,7.976,0.5152443632266662,0.9374336008118467,NR4A2
MA1476.2,2,3030,2.73972602739726,6.0600000000000005,0.45210000452099997,0.9406064018153092,Dlx5
MA0885.2,2,3121,2.73972602739726,6.242,0.43891797939719,0.9470897028587146,Dlx2
MA0104.4,1,2059,1.36986301369863,4.118,0.33265250454070666,0.9536738910720532,MYCN
MA0108.2,1,2136,1.36986301369863,4.272,0.3206608178133497,0.9588067301107683,TBP
MA0722.1,1,2139,1.36986301369863,4.278,0.3202110831460099,0.9589949250400239,VAX1
MA1481.1,1,2139,1.36986301369863,4.278,0.3202110831460099,0.9589949250400239,DRGX
MA0035.4,2,3331,2.73972602739726,6.662,0.4112467768533864,0.9596057611639872,GATA1
MA1099.2,1,2192,1.36986301369863,4.3839999999999995,0.3124687531246875,0.9621832603736509,HES1
MA1500.1,1,2280,1.36986301369863,4.5600000000000005,0.30040855563566443,0.9669455651545302,HOXB6
MA0692.1,1,2294,1.36986301369863,4.588,0.2985751991496578,0.9676465770123608,TFEB
MA1501.1,1,2539,1.36986301369863,5.078,0.2697642799721603,0.9777894199396114,HOXB7
MA0709.1,1,2958,1.36986301369863,5.9159999999999995,0.23155223355284485,0.9883797711042122,Msx3
MA0666.2,1,2958,1.36986301369863,5.9159999999999995,0.23155223355284485,0.9883797711042122,MSX1
MA0708.2,1,2958,1.36986301369863,5.9159999999999995,0.23155223355284485,0.9883797711042122,MSX2
MA0063.2,1,3068,1.36986301369863,6.136,0.22325016520512223,0.9902065091508161,NKX2-5
MA0603.1,0,1728,0,3.456,0,1,Arntl
MA0615.1,0,327,0,0.654,0,1,Gmeb1
MA0636.1,0,1173,0,2.346,0,1,BHLHE41
MA0664.1,0,1202,0,2.404,0,1,MLXIPL
MA1464.1,0,1673,0,3.3459999999999996,0,1,ARNT2
MA1495.1,0,1215,0,2.4299999999999997,0,1,HOXA1
MA1497.1,0,2705,0,5.41,0,1,HOXA6
MA1502.1,0,2013,0,4.026,0,1,HOXB8
MA0864.2,0,661,0,1.322,0,1,E2F2
MA0469.3,0,376,0,0.752,0,1,E2F3
MA0594.2,0,334,0,0.668,0,1,HOXA9
MA0904.2,0,1215,0,2.4299999999999997,0,1,HOXB5
MA0910.2,0,1549,0,3.098,0,1,HOXD8
MA0526.4,0,1427,0,2.854,0,1,USF2
MA0831.3,0,1428,0,2.856,0,1,TFE3
